<?xml version="1.0" encoding="UTF-8"?>
<GenRun Id="synth_1" LaunchPart="xc7a200tfbg484-1" LaunchTime="1727396140">
  <File Type="PA-TCL" Name="PipelineCPUTest.tcl"/>
  <File Type="REPORTS-TCL" Name="PipelineCPUTest_reports.tcl"/>
  <File Type="RDS-RDS" Name="PipelineCPUTest.vds"/>
  <File Type="RDS-UTIL" Name="PipelineCPUTest_utilization_synth.rpt"/>
  <File Type="RDS-UTIL-PB" Name="PipelineCPUTest_utilization_synth.pb"/>
  <File Type="RDS-DCP" Name="PipelineCPUTest.dcp"/>
  <FileSet Name="sources" Type="DesignSrcs" RelSrcDir="$PSRCDIR/sources_1">
    <Filter Type="Srcs"/>
    <File Path="$PSRCDIR/sources_1/imports/PipelineCPU.srcs/TMDSencode.edf">
      <FileInfo>
        <Attr Name="ImportPath" Val="$PPRDIR/../vivado/Risc5CPU.srcs/sources_1/imports/PipelineCPU.srcs/TMDSencode.edf"/>
        <Attr Name="ImportTime" Val="1599525929"/>
        <Attr Name="UsedIn" Val="synthesis"/>
        <Attr Name="UsedIn" Val="implementation"/>
      </FileInfo>
    </File>
    <File Path="$PSRCDIR/sources_1/imports/PipelineCPU.srcs/button_process_unit.edf">
      <FileInfo>
        <Attr Name="ImportPath" Val="$PPRDIR/../vivado/Risc5CPU.srcs/sources_1/imports/PipelineCPU.srcs/button_process_unit.edf"/>
        <Attr Name="ImportTime" Val="1599525929"/>
        <Attr Name="UsedIn" Val="synthesis"/>
        <Attr Name="UsedIn" Val="implementation"/>
      </FileInfo>
    </File>
    <File Path="$PSRCDIR/sources_1/imports/src/ALU.v">
      <FileInfo>
        <Attr Name="ImportPath" Val="$PPRDIR/../src/ALU.v"/>
        <Attr Name="ImportTime" Val="1727342526"/>
        <Attr Name="UsedIn" Val="synthesis"/>
        <Attr Name="UsedIn" Val="implementation"/>
        <Attr Name="UsedIn" Val="simulation"/>
      </FileInfo>
    </File>
    <File Path="$PSRCDIR/sources_1/imports/src/BranchTest.v">
      <FileInfo>
        <Attr Name="ImportPath" Val="$PPRDIR/../src/BranchTest.v"/>
        <Attr Name="ImportTime" Val="1727280137"/>
        <Attr Name="UsedIn" Val="synthesis"/>
        <Attr Name="UsedIn" Val="implementation"/>
        <Attr Name="UsedIn" Val="simulation"/>
      </FileInfo>
    </File>
    <File Path="$PSRCDIR/sources_1/imports/src/Decode.v">
      <FileInfo>
        <Attr Name="ImportPath" Val="$PPRDIR/../src/Decode.v"/>
        <Attr Name="ImportTime" Val="1727247445"/>
        <Attr Name="UsedIn" Val="synthesis"/>
        <Attr Name="UsedIn" Val="implementation"/>
        <Attr Name="UsedIn" Val="simulation"/>
      </FileInfo>
    </File>
    <File Path="$PSRCDIR/sources_1/imports/src/EX.v">
      <FileInfo>
        <Attr Name="ImportPath" Val="$PPRDIR/../src/EX.v"/>
        <Attr Name="ImportTime" Val="1727349459"/>
        <Attr Name="UsedIn" Val="synthesis"/>
        <Attr Name="UsedIn" Val="implementation"/>
        <Attr Name="UsedIn" Val="simulation"/>
      </FileInfo>
    </File>
    <File Path="$PSRCDIR/sources_1/imports/src/ID.v">
      <FileInfo>
        <Attr Name="ImportPath" Val="$PPRDIR/../src/ID.v"/>
        <Attr Name="ImportTime" Val="1727342498"/>
        <Attr Name="UsedIn" Val="synthesis"/>
        <Attr Name="UsedIn" Val="implementation"/>
        <Attr Name="UsedIn" Val="simulation"/>
      </FileInfo>
    </File>
    <File Path="$PSRCDIR/sources_1/imports/src/IF.v">
      <FileInfo>
        <Attr Name="ImportPath" Val="$PPRDIR/../src/IF.v"/>
        <Attr Name="ImportTime" Val="1727342500"/>
        <Attr Name="UsedIn" Val="synthesis"/>
        <Attr Name="UsedIn" Val="implementation"/>
        <Attr Name="UsedIn" Val="simulation"/>
      </FileInfo>
    </File>
    <File Path="$PSRCDIR/sources_1/imports/src/InstructionROM.v">
      <FileInfo>
        <Attr Name="ImportPath" Val="$PPRDIR/../src/InstructionROM.v"/>
        <Attr Name="ImportTime" Val="1727333977"/>
        <Attr Name="UsedIn" Val="synthesis"/>
        <Attr Name="UsedIn" Val="implementation"/>
        <Attr Name="UsedIn" Val="simulation"/>
      </FileInfo>
    </File>
    <File Path="$PSRCDIR/sources_1/imports/src/PipelineReg.v">
      <FileInfo>
        <Attr Name="ImportPath" Val="$PPRDIR/../src/PipelineReg.v"/>
        <Attr Name="ImportTime" Val="1727338578"/>
        <Attr Name="UsedIn" Val="synthesis"/>
        <Attr Name="UsedIn" Val="implementation"/>
        <Attr Name="UsedIn" Val="simulation"/>
      </FileInfo>
    </File>
    <File Path="$PSRCDIR/sources_1/imports/src/RAWRegister.v">
      <FileInfo>
        <Attr Name="ImportPath" Val="$PPRDIR/../src/RAWRegister.v"/>
        <Attr Name="ImportTime" Val="1727267315"/>
        <Attr Name="UsedIn" Val="synthesis"/>
        <Attr Name="UsedIn" Val="implementation"/>
        <Attr Name="UsedIn" Val="simulation"/>
      </FileInfo>
    </File>
    <File Path="$PSRCDIR/sources_1/imports/src/Risc5CPU.v">
      <FileInfo>
        <Attr Name="ImportPath" Val="$PPRDIR/../src/Risc5CPU.v"/>
        <Attr Name="ImportTime" Val="1727342550"/>
        <Attr Name="UsedIn" Val="synthesis"/>
        <Attr Name="UsedIn" Val="implementation"/>
        <Attr Name="UsedIn" Val="simulation"/>
      </FileInfo>
    </File>
    <File Path="$PSRCDIR/sources_1/imports/PipelineCPU.srcs/TMDSencode.v">
      <FileInfo>
        <Attr Name="ImportPath" Val="$PPRDIR/../vivado/Risc5CPU.srcs/sources_1/imports/PipelineCPU.srcs/TMDSencode.v"/>
        <Attr Name="ImportTime" Val="1599525929"/>
        <Attr Name="UsedIn" Val="synthesis"/>
        <Attr Name="UsedIn" Val="implementation"/>
        <Attr Name="UsedIn" Val="simulation"/>
      </FileInfo>
    </File>
    <File Path="$PSRCDIR/sources_1/imports/src/adder_32bits.v">
      <FileInfo>
        <Attr Name="ImportPath" Val="$PPRDIR/../src/adder_32bits.v"/>
        <Attr Name="ImportTime" Val="1727330642"/>
        <Attr Name="UsedIn" Val="synthesis"/>
        <Attr Name="UsedIn" Val="implementation"/>
        <Attr Name="UsedIn" Val="simulation"/>
      </FileInfo>
    </File>
    <File Path="$PSRCDIR/sources_1/imports/PipelineCPU.srcs/button_process_unit.v">
      <FileInfo>
        <Attr Name="ImportPath" Val="$PPRDIR/../vivado/Risc5CPU.srcs/sources_1/imports/PipelineCPU.srcs/button_process_unit.v"/>
        <Attr Name="ImportTime" Val="1599525929"/>
        <Attr Name="UsedIn" Val="synthesis"/>
        <Attr Name="UsedIn" Val="implementation"/>
        <Attr Name="UsedIn" Val="simulation"/>
      </FileInfo>
    </File>
    <File Path="$PSRCDIR/sources_1/imports/PipelineCPU.srcs/syncGenarator.v">
      <FileInfo>
        <Attr Name="ImportPath" Val="$PPRDIR/../vivado/Risc5CPU.srcs/sources_1/imports/PipelineCPU.srcs/syncGenarator.v"/>
        <Attr Name="ImportTime" Val="1599525929"/>
        <Attr Name="UsedIn" Val="synthesis"/>
        <Attr Name="UsedIn" Val="implementation"/>
        <Attr Name="UsedIn" Val="simulation"/>
      </FileInfo>
    </File>
    <File Path="$PSRCDIR/sources_1/imports/PipelineCPU.srcs/vga_data.v">
      <FileInfo>
        <Attr Name="ImportPath" Val="$PPRDIR/../vivado/Risc5CPU.srcs/sources_1/imports/PipelineCPU.srcs/vga_data.v"/>
        <Attr Name="ImportTime" Val="1599525928"/>
        <Attr Name="UsedIn" Val="synthesis"/>
        <Attr Name="UsedIn" Val="implementation"/>
        <Attr Name="UsedIn" Val="simulation"/>
      </FileInfo>
    </File>
    <File Path="$PSRCDIR/sources_1/imports/PipelineCPU.srcs/PipelineCPUTest.v">
      <FileInfo>
        <Attr Name="ImportPath" Val="$PPRDIR/../vivado/Risc5CPU.srcs/sources_1/imports/PipelineCPU.srcs/PipelineCPUTest.v"/>
        <Attr Name="ImportTime" Val="1599525929"/>
        <Attr Name="UsedIn" Val="synthesis"/>
        <Attr Name="UsedIn" Val="implementation"/>
        <Attr Name="UsedIn" Val="simulation"/>
      </FileInfo>
    </File>
    <File Path="$PSRCDIR/digital.coe">
      <FileInfo>
        <Attr Name="UsedIn" Val="synthesis"/>
        <Attr Name="UsedIn" Val="simulation"/>
      </FileInfo>
    </File>
    <Config>
      <Option Name="DesignMode" Val="RTL"/>
      <Option Name="TopModule" Val="PipelineCPUTest"/>
      <Option Name="TopAutoSet" Val="TRUE"/>
    </Config>
  </FileSet>
  <FileSet Name="constrs_in" Type="Constrs" RelSrcDir="$PSRCDIR/constrs_1">
    <Filter Type="Constrs"/>
    <File Path="$PSRCDIR/constrs_1/imports/PipelineCPU.srcs/VgaCPU.xdc">
      <FileInfo>
        <Attr Name="ImportPath" Val="$PPRDIR/../vivado/Risc5CPU.srcs/constrs_1/imports/PipelineCPU.srcs/VgaCPU.xdc"/>
        <Attr Name="ImportTime" Val="1599525928"/>
        <Attr Name="UsedIn" Val="synthesis"/>
        <Attr Name="UsedIn" Val="implementation"/>
      </FileInfo>
    </File>
    <Config>
      <Option Name="ConstrsType" Val="XDC"/>
    </Config>
  </FileSet>
  <Strategy Version="1" Minor="2">
    <StratHandle Name="Vivado Synthesis Defaults" Flow="Vivado Synthesis 2017"/>
    <Step Id="synth_design"/>
  </Strategy>
  <BlockFileSet Type="BlockSrcs" Name="DCM_PLL"/>
  <BlockFileSet Type="BlockSrcs" Name="DisplayROM"/>
  <BlockFileSet Type="BlockSrcs" Name="DataRAM"/>
</GenRun>
