<?xml version="1.0" encoding="UTF-8"?>
<GenRun Id="DataRAM_synth_1" LaunchPart="xc7a200tfbg484-1" LaunchTime="1727352249">
  <File Type="PA-TCL" Name="DataRAM.tcl"/>
  <File Type="REPORTS-TCL" Name="DataRAM_reports.tcl"/>
  <File Type="RDS-RDS" Name="DataRAM.vds"/>
  <File Type="RDS-UTIL" Name="DataRAM_utilization_synth.rpt"/>
  <File Type="RDS-UTIL-PB" Name="DataRAM_utilization_synth.pb"/>
  <File Type="RDS-DCP" Name="DataRAM.dcp"/>
  <FileSet Name="sources" Type="BlockSrcs" RelSrcDir="$PSRCDIR/DataRAM">
    <File Path="$PSRCDIR/sources_1/ip/DataRAM/DataRAM.xci">
      <FileInfo>
        <Attr Name="UsedIn" Val="synthesis"/>
        <Attr Name="UsedIn" Val="implementation"/>
        <Attr Name="UsedIn" Val="simulation"/>
      </FileInfo>
    </File>
    <Config>
      <Option Name="TopModule" Val="DataRAM"/>
      <Option Name="UseBlackboxStub" Val="1"/>
    </Config>
  </FileSet>
  <FileSet Name="constrs_in" Type="BlockSrcs" RelSrcDir="$PSRCDIR/DataRAM">
    <File Path="$PSRCDIR/sources_1/ip/DataRAM/DataRAM.xci">
      <FileInfo>
        <Attr Name="UsedIn" Val="synthesis"/>
        <Attr Name="UsedIn" Val="implementation"/>
        <Attr Name="UsedIn" Val="simulation"/>
      </FileInfo>
    </File>
    <Config>
      <Option Name="TopModule" Val="DataRAM"/>
      <Option Name="UseBlackboxStub" Val="1"/>
    </Config>
  </FileSet>
  <Strategy Version="1" Minor="2">
    <StratHandle Name="Vivado Synthesis Defaults" Flow="Vivado Synthesis 2017"/>
    <Step Id="synth_design"/>
  </Strategy>
</GenRun>
